date,q90,file,width,height
20231027,0.9924564838409424,20231027.png,1088,1104
20231124,0.9922310411930084,20231124.png,1088,1104
20231208,0.98791521191597,20231208.png,1088,1104
20231222,0.9847696840763092,20231222.png,1088,1104
20240105,0.9831246256828308,20240105.png,1088,1104
20240119,0.9844104051589966,20240119.png,1088,1104
20240202,0.9814188838005066,20240202.png,1088,1104
20240216,0.9752152621746064,20240216.png,1088,1104
20240301,0.9786005973815918,20240301.png,1088,1104
20240315,0.9818821847438812,20240315.png,1088,1104
20240329,0.9763964116573334,20240329.png,1088,1104
20240412,0.978700315952301,20240412.png,1088,1104
20240426,0.9739402234554292,20240426.png,1088,1104
20240510,0.9201884984970092,20240510.png,771,783
20240524,0.963813889026642,20240524.png,1091,1107
20240607,0.934944236278534,20240607.png,1088,1104
20240621,0.9383207857608796,20240621.png,1088,1104
20240705,0.9462527573108672,20240705.png,1088,1104
20240719,0.8157485723495485,20240719.png,1088,1103
20240803,0.3858878105878829,20240803.png,1088,1104
20240816,0.3879296541213989,20240816.png,1088,1104
20240913,0.9900747001171112,20240913.png,1116,1132
20240926,0.988633978366852,20240926.png,1084,1099
20241011,0.9799483299255372,20241011.png,1102,1118
20241025,0.9885865688323976,20241025.png,1089,1104
20241108,0.9779665291309356,20241108.png,1088,1104
20241221,0.9807841062545776,20241221.png,660,668
20250117,0.9732669174671174,20250117.png,659,669
20250131,0.976069700717926,20250131.png,660,669
20250216,0.968621242046356,20250216.png,659,669
20250228,0.9734042108058928,20250228.png,659,669
20250310,0.9614210724830629,20250310.png,659,669
20250328,0.9706867456436156,20250328.png,659,669
20250412,0.9270941138267516,20250412.png,659,669
20250426,0.9445688724517822,20250426.png,659,669
20250509,0.9350070655345916,20250509.png,659,669
20250717,0.4460309326648712,20250717.png,659,669
20250803,0.319543832540512,20250803.png,659,669
20250822,0.1897063121199607,20250822.png,659,668
20250823,0.2328393951058387,20250823.png,660,669
20250904,0.2993091911077498,20250904.png,659,669
20250919,0.976980185508728,20250919.png,659,669
20251004,0.9866566836833954,20251004.png,660,669
20251017,0.9902808845043184,20251017.png,659,668
